# Gemini's reply for hsk2.exchanges.es, chunk 01 — 2 entries.
#
# Paste the whole of hsk2.exchanges.es.01.gemini.md into Gemini, then paste its
# reply below. Prose around the TSV block is ignored, so pasting the whole
# answer is fine — but the block must still begin with a line reading
# exactly:  id<tab>verdict<tab>fix_gloss<tab>note
#
# If it came back with spaces instead of tabs, paste it into a spreadsheet
# and copy it back out — that turns the columns into real tabs.
id	verdict	fix_gloss	note
h2x011	ok		
h2x015	ok		
